{"client_meta":{"background_color":{"r":0.9607843160629272,"g":0.9607843160629272,"b":0.9607843160629272,"a":1},"thumbnail_size":{"width":157,"height":400},"render_coordinates":{"x":1646,"y":-1350,"width":14465,"height":36863}},"file_name":"Untitled"}